id,git_id
S20237132,kanghyeonjae
S20237139,rlaxodnjs02
S20237133,xodbf0921
S20211908,khw18033
S20211909,Kimhj123
S20232020,devilo2
S20232023,hxeonsu
S20231981,jaeeun0109
S20222562,Samingyeong
S20221996,
S20201741,20201741-create
S20211913,AnTaehyeon0206
S20232033,dlekdud3
S20211887,daegyu10
S20212601,Leejuhan02?
S20191787,
S20211926,jeonjihwan72
S20231994,taiyakikk
S20211927,0919jeong?
S20211930,choBottle?
S20232000,
S20232002,soyoung0419
S20221122,yejjinn33
S20201757,junha20011757
